Index,patient_id,cohort,sexM,gene,age_at_diagnosis,age,ledd,time_since_intake_on,time_since_intake_off,on,off,time_since_diagnosis
0,P0000,A,0,LRRK2+,40.5,45.1,500.0,0.5,,1.0,,1.2
1,P0001,B,1,,41.5,46.1,503.0,1.5,1.2,2.0,3.0,2.2
2,P0002,A,0,,42.5,47.1,506.0,2.5,2.2,3.0,4.0,3.2
3,P0003,B,1,LRRK2+,43.5,48.1,509.0,3.5,0.2,4.0,5.0,4.2
4,P0004,A,0,,44.5,49.1,512.0,4.5,,5.0,6.0,5.2
5,P0005,B,1,,45.5,50.1,515.0,0.5,2.2,6.0,,6.2
6,P0006,A,0,LRRK2+,46.5,51.1,518.0,1.5,0.2,7.0,8.0,7.2
7,P0007,B,1,,47.5,52.1,521.0,2.5,1.2,8.0,2.0,8.2
8,P0008,A,0,,48.5,53.1,524.0,3.5,,9.0,3.0,1.2
9,P0009,B,1,LRRK2+,49.5,54.1,527.0,4.5,0.2,10.0,4.0,2.2
10,P0010,A,0,,50.5,55.1,530.0,0.5,1.2,1.0,,3.2
11,P0011,B,1,,51.5,56.1,533.0,1.5,2.2,2.0,6.0,4.2
12,P0012,A,0,LRRK2+,52.5,57.1,536.0,2.5,,3.0,7.0,5.2
13,P0013,B,1,,53.5,58.1,539.0,3.5,1.2,4.0,8.0,6.2
14,P0014,A,0,,54.5,59.1,542.0,4.5,2.2,5.0,2.0,7.2
15,P0015,B,1,LRRK2+,55.5,60.1,545.0,0.5,0.2,6.0,,8.2
16,P0016,A,0,,56.5,61.1,548.0,1.5,,7.0,4.0,1.2
17,P0017,B,1,,57.5,62.1,551.0,2.5,2.2,8.0,5.0,2.2
18,P0018,A,0,LRRK2+,58.5,63.1,554.0,3.5,0.2,9.0,6.0,3.2
19,P0019,B,1,,59.5,64.1,557.0,4.5,1.2,10.0,7.0,4.2
20,P0020,A,0,,40.5,45.1,560.0,0.5,,1.0,,5.2
21,P0021,B,1,LRRK2+,41.5,46.1,563.0,1.5,0.2,2.0,2.0,6.2
22,P0022,A,0,,42.5,47.1,566.0,2.5,1.2,3.0,3.0,7.2
23,P0023,B,1,,43.5,48.1,569.0,3.5,2.2,4.0,4.0,8.2
24,P0024,A,0,LRRK2+,44.5,49.1,572.0,4.5,,5.0,5.0,1.2
25,P0025,B,1,,45.5,50.1,575.0,0.5,1.2,6.0,,2.2
26,P0026,A,0,,46.5,51.1,578.0,1.5,2.2,7.0,7.0,3.2
27,P0027,B,1,LRRK2+,47.5,52.1,581.0,2.5,0.2,8.0,8.0,4.2
28,P0028,A,0,,48.5,53.1,584.0,3.5,,9.0,2.0,5.2
29,P0029,B,1,,49.5,54.1,587.0,4.5,2.2,10.0,3.0,6.2
30,P0030,A,0,LRRK2+,50.5,55.1,590.0,0.5,0.2,1.0,,7.2
31,P0031,B,1,,51.5,56.1,593.0,1.5,1.2,2.0,5.0,8.2
32,P0032,A,0,,52.5,57.1,596.0,2.5,,3.0,6.0,1.2
33,P0033,B,1,LRRK2+,53.5,58.1,599.0,3.5,0.2,4.0,7.0,2.2
34,P0034,A,0,,54.5,59.1,602.0,4.5,1.2,5.0,8.0,3.2
35,P0035,B,1,,55.5,60.1,605.0,0.5,2.2,6.0,,4.2
36,P0036,A,0,LRRK2+,56.5,61.1,608.0,1.5,,7.0,3.0,5.2
37,P0037,B,1,,57.5,62.1,611.0,2.5,1.2,8.0,4.0,6.2
38,P0038,A,0,,58.5,63.1,614.0,3.5,2.2,9.0,5.0,7.2
39,P0039,B,1,LRRK2+,59.5,64.1,617.0,4.5,0.2,10.0,6.0,8.2
