patient_id,visit,age,bmi
P001,1,42.0,21.5
P001,2,43.0,22.0
P001,3,44.0,22.5
P002,1,43.0,22.5
P002,2,44.0,23.0
P002,3,45.0,23.5
P003,1,44.0,23.5
P003,2,45.0,24.0
P003,3,46.0,24.5
P004,1,45.0,24.5
P004,2,46.0,
P004,3,47.0,25.5
P005,1,46.0,25.5
P005,2,47.0,26.0
P005,3,48.0,26.5
P006,1,47.0,26.5
P006,2,48.0,27.0
P006,3,49.0,27.5
P007,1,48.0,27.5
P007,2,49.0,28.0
P007,3,50.0,28.5
P008,1,49.0,28.5
P008,2,50.0,
P008,3,51.0,29.5
P009,1,50.0,29.5
P009,2,51.0,30.0
P009,3,52.0,30.5
P010,1,51.0,20.5
P010,2,52.0,21.0
P010,3,53.0,21.5
P011,1,52.0,21.5
P011,2,53.0,22.0
P011,3,54.0,22.5
P012,1,53.0,22.5
P012,2,54.0,
P012,3,55.0,23.5
P013,1,54.0,23.5
P013,2,55.0,24.0
P013,3,56.0,24.5
P014,1,55.0,24.5
P014,2,56.0,25.0
P014,3,57.0,25.5
P015,1,56.0,25.5
P015,2,57.0,26.0
P015,3,58.0,26.5
P016,1,57.0,26.5
P016,2,58.0,
P016,3,59.0,27.5
P017,1,58.0,27.5
P017,2,59.0,28.0
P017,3,60.0,28.5
P018,1,59.0,28.5
P018,2,60.0,29.0
P018,3,61.0,29.5
P019,1,60.0,29.5
P019,2,61.0,30.0
P019,3,62.0,30.5
P020,1,61.0,20.5
P020,2,62.0,
P020,3,63.0,21.5
P021,1,62.0,21.5
P021,2,63.0,22.0
P021,3,64.0,22.5
P022,1,63.0,22.5
P022,2,64.0,23.0
P022,3,65.0,23.5
P023,1,64.0,23.5
P023,2,65.0,24.0
P023,3,66.0,24.5
P024,1,65.0,24.5
P024,2,66.0,
P024,3,67.0,25.5
P025,1,66.0,25.5
P025,2,67.0,26.0
P025,3,68.0,26.5
P026,1,67.0,26.5
P026,2,68.0,27.0
P026,3,69.0,27.5
P027,1,68.0,27.5
P027,2,69.0,28.0
P027,3,70.0,28.5
P028,1,69.0,28.5
P028,2,70.0,
P028,3,71.0,29.5
P029,1,70.0,29.5
P029,2,71.0,30.0
P029,3,72.0,30.5
P030,1,41.0,20.5
P030,2,42.0,21.0
P030,3,43.0,21.5
P031,1,42.0,21.5
P031,2,43.0,22.0
P031,3,44.0,22.5
P032,1,43.0,22.5
P032,2,44.0,
P032,3,45.0,23.5
P033,1,44.0,23.5
P033,2,45.0,24.0
P033,3,46.0,24.5
P034,1,45.0,24.5
P034,2,46.0,25.0
P034,3,47.0,25.5
P035,1,46.0,25.5
P035,2,47.0,26.0
P035,3,48.0,26.5
P036,1,47.0,26.5
P036,2,48.0,
P036,3,49.0,27.5
P037,1,48.0,27.5
P037,2,49.0,28.0
P037,3,50.0,28.5
P038,1,49.0,28.5
P038,2,50.0,29.0
P038,3,51.0,29.5
P039,1,50.0,29.5
P039,2,51.0,30.0
P039,3,52.0,30.5
P040,1,51.0,20.5
P040,2,52.0,
P040,3,53.0,21.5
P041,1,52.0,21.5
P041,2,53.0,22.0
P041,3,54.0,22.5
P042,1,53.0,22.5
P042,2,54.0,23.0
P042,3,55.0,23.5
P043,1,54.0,23.5
P043,2,55.0,24.0
P043,3,56.0,24.5
P044,1,55.0,24.5
P044,2,56.0,
P044,3,57.0,25.5
P045,1,56.0,25.5
P045,2,57.0,26.0
P045,3,58.0,26.5
P046,1,57.0,26.5
P046,2,58.0,27.0
P046,3,59.0,27.5
P047,1,58.0,27.5
P047,2,59.0,28.0
P047,3,60.0,28.5
P048,1,59.0,28.5
P048,2,60.0,
P048,3,61.0,29.5
P049,1,60.0,29.5
P049,2,61.0,30.0
P049,3,62.0,30.5
P050,1,61.0,20.5
P050,2,62.0,21.0
P050,3,63.0,21.5
P051,1,62.0,21.5
P051,2,63.0,22.0
P051,3,64.0,22.5
P052,1,63.0,22.5
P052,2,64.0,
P052,3,65.0,23.5
P053,1,64.0,23.5
P053,2,65.0,24.0
P053,3,66.0,24.5
P054,1,65.0,24.5
P054,2,66.0,25.0
P054,3,67.0,25.5
P055,1,66.0,25.5
P055,2,67.0,26.0
P055,3,68.0,26.5
P056,1,67.0,26.5
P056,2,68.0,
P056,3,69.0,27.5
P057,1,68.0,27.5
P057,2,69.0,28.0
P057,3,70.0,28.5
P058,1,69.0,28.5
P058,2,70.0,29.0
P058,3,71.0,29.5
P059,1,70.0,29.5
P059,2,71.0,30.0
P059,3,72.0,30.5
P060,1,41.0,20.5
P060,2,42.0,
P060,3,43.0,21.5
P061,1,42.0,21.5
P061,2,43.0,22.0
P061,3,44.0,22.5
P062,1,43.0,22.5
P062,2,44.0,23.0
P062,3,45.0,23.5
P063,1,44.0,23.5
P063,2,45.0,24.0
P063,3,46.0,24.5
P064,1,45.0,24.5
P064,2,46.0,
P064,3,47.0,25.5
P065,1,46.0,25.5
P065,2,47.0,26.0
P065,3,48.0,26.5
P066,1,47.0,26.5
P066,2,48.0,27.0
P066,3,49.0,27.5
P067,1,48.0,27.5
P067,2,49.0,28.0
P067,3,50.0,28.5
P068,1,49.0,28.5
P068,2,50.0,
P068,3,51.0,29.5
P069,1,50.0,29.5
P069,2,51.0,30.0
P069,3,52.0,30.5
P070,1,51.0,20.5
P070,2,52.0,21.0
P070,3,53.0,21.5
P071,1,52.0,21.5
P071,2,53.0,22.0
P071,3,54.0,22.5
P072,1,53.0,22.5
P072,2,54.0,
P072,3,55.0,23.5
P073,1,54.0,23.5
P073,2,55.0,24.0
P073,3,56.0,24.5
P074,1,55.0,24.5
P074,2,56.0,25.0
P074,3,57.0,25.5
P075,1,56.0,25.5
P075,2,57.0,26.0
P075,3,58.0,26.5
P076,1,57.0,26.5
P076,2,58.0,
P076,3,59.0,27.5
P077,1,58.0,27.5
P077,2,59.0,28.0
P077,3,60.0,28.5
P078,1,59.0,28.5
P078,2,60.0,29.0
P078,3,61.0,29.5
P079,1,60.0,29.5
P079,2,61.0,30.0
P079,3,62.0,30.5
P080,1,61.0,20.5
P080,2,62.0,
P080,3,63.0,21.5
P081,1,62.0,21.5
P081,2,63.0,22.0
P081,3,64.0,22.5
P082,1,63.0,22.5
P082,2,64.0,23.0
P082,3,65.0,23.5
P083,1,64.0,23.5
P083,2,65.0,24.0
P083,3,66.0,24.5
P084,1,65.0,24.5
P084,2,66.0,
P084,3,67.0,25.5
P085,1,66.0,25.5
P085,2,67.0,26.0
P085,3,68.0,26.5
P086,1,67.0,26.5
P086,2,68.0,27.0
P086,3,69.0,27.5
P087,1,68.0,27.5
P087,2,69.0,28.0
P087,3,70.0,28.5
P088,1,69.0,28.5
P088,2,70.0,
P088,3,71.0,29.5
P089,1,70.0,29.5
P089,2,71.0,30.0
P089,3,72.0,30.5
P090,1,41.0,20.5
P090,2,42.0,21.0
P090,3,43.0,21.5
P091,1,42.0,21.5
P091,2,43.0,22.0
P091,3,44.0,22.5
P092,1,43.0,22.5
P092,2,44.0,
P092,3,45.0,23.5
P093,1,44.0,23.5
P093,2,45.0,24.0
P093,3,46.0,24.5
P094,1,45.0,24.5
P094,2,46.0,25.0
P094,3,47.0,25.5
P095,1,46.0,25.5
P095,2,47.0,26.0
P095,3,48.0,26.5
P096,1,47.0,26.5
P096,2,48.0,
P096,3,49.0,27.5
P097,1,48.0,27.5
P097,2,49.0,28.0
P097,3,50.0,28.5
P098,1,49.0,28.5
P098,2,50.0,29.0
P098,3,51.0,29.5
P099,1,50.0,29.5
P099,2,51.0,30.0
P099,3,52.0,30.5
P100,1,51.0,20.5
P100,2,52.0,
P100,3,53.0,21.5
P101,1,52.0,21.5
P101,2,53.0,22.0
P101,3,54.0,22.5
P102,1,53.0,22.5
P102,2,54.0,23.0
P102,3,55.0,23.5
P103,1,54.0,23.5
P103,2,55.0,24.0
P103,3,56.0,24.5
P104,1,55.0,24.5
P104,2,56.0,
P104,3,57.0,25.5
P105,1,56.0,25.5
P105,2,57.0,26.0
P105,3,58.0,26.5
P106,1,57.0,26.5
P106,2,58.0,27.0
P106,3,59.0,27.5
P107,1,58.0,27.5
P107,2,59.0,28.0
P107,3,60.0,28.5
P108,1,59.0,28.5
P108,2,60.0,
P108,3,61.0,29.5
P109,1,60.0,29.5
P109,2,61.0,30.0
P109,3,62.0,30.5
P110,1,61.0,20.5
P110,2,62.0,21.0
P110,3,63.0,21.5
P111,1,62.0,21.5
P111,2,63.0,22.0
P111,3,64.0,22.5
P112,1,63.0,22.5
P112,2,64.0,
P112,3,65.0,23.5
P113,1,64.0,23.5
P113,2,65.0,24.0
P113,3,66.0,24.5
P114,1,65.0,24.5
P114,2,66.0,25.0
P114,3,67.0,25.5
P115,1,66.0,25.5
P115,2,67.0,26.0
P115,3,68.0,26.5
P116,1,67.0,26.5
P116,2,68.0,
P116,3,69.0,27.5
P117,1,68.0,27.5
P117,2,69.0,28.0
P117,3,70.0,28.5
P118,1,69.0,28.5
P118,2,70.0,29.0
P118,3,71.0,29.5
P119,1,70.0,29.5
P119,2,71.0,30.0
P119,3,72.0,30.5
P120,1,41.0,20.5
P120,2,42.0,
P120,3,43.0,21.5
